<Configuration>
  <Add OfficeClientEdition="64" Channel="PerpetualVL2021">
    <Product ID="Standard2021Volume" PIDKEY="KDX7X-BNVR8-TXXGX-4Q7Y8-78VT3">
      <Language ID="en-us" />
    </Product>
    <Product ID="ProjectPro2021Volume" PIDKEY="FTNWT-C6WBT-8HMGF-K9PRX-QV9H8">
      <Language ID="en-us" />
    </Product>
    <Product ID="VisioPro2021Volume" PIDKEY="KNH8D-FGHT4-T8RK3-CTDYJ-K2HT4">
      <Language ID="en-us" />
    </Product>
  </Add>
  <Display Level="Full" AcceptEULA="TRUE" />
  <Updates Enabled="TRUE" />
  <Property Name="AUTOACTIVATE" Value="1" />
</Configuration>
<!--  OInstallSetting Branch=1  -->
<!--  OInstallSetting Office=0  -->
<!--  OInstallSetting Arch=0  -->
<!--  OInstallSetting Redact=2  -->
<!--  OInstallSetting Product=4  -->
<!--  OInstallSetting UseDarkTheme=0  -->
<!--  OInstallSetting UseDarkThemeBackColor=37,37,37  -->
<!--  OInstallSetting RunAsTI=0  -->
<!--  OInstallSetting OnlineKMS=1  -->
<!--  OInstallSetting PATH=  -->
<!--  OInstallSetting Aria2 Command Line=-s10 -x10 -j10 -m60 -t20 -k10M -R -c --retry-wait=5 --check-certificate=false --file-allocation=falloc --max-overall-download-limit=0  -->
<!--  OInstallSetting Aria2 Command Line2=-s1 -j1 -R --check-certificate=false --file-allocation=falloc -c  -->
<!--  OInstallSetting Download files in one stream=0  -->
<!--  OInstallSetting Download Version=16.0.12527.22286  -->
<!--  OInstallSetting Lang en-US  -->
